Category,Description,Specific Methods
Information Gathering,Techniques to collect information about the target application,"Conduct Search Engine Discovery, Fingerprint Web Server, Review Webserver Metafiles, Enumerate Applications on Webserver, Review Webpage Content for Information Leakage, Identify Application Entry Points, Map Execution Paths Through Application, Fingerprint Web Application Framework, Fingerprint Web Application, Map Application Architecture"
Configuration and Deployment Management Testing,Assessing the security of application configuration and deployment,"Test Network Infrastructure Configuration, Test Application Platform Configuration, Test File Extensions Handling for Sensitive Information, Review Old Backup and Unreferenced Files for Sensitive Information, Enumerate Infrastructure and Application Admin Interfaces, Test HTTP Methods, Test HTTP Strict Transport Security, Test RIA Cross Domain Policy, Test File Permission, Test for Subdomain Takeover"
Identity Management Testing,Verifying the robustness of identity management systems,"Test Role Definitions, Test User Registration Process, Test Account Provisioning Process, Testing for Account Enumeration and Guessable User Account, Testing for Weak or Unenforced Username Policy"
Authentication Testing,Assessing the strength of authentication mechanisms,"Testing for Credentials Transported over an Encrypted Channel, Testing for Default Credentials, Testing for Weak Lock Out Mechanism, Testing for Bypassing Authentication Schema, Testing for Vulnerable Remember Password, Testing for Browser Cache Weaknesses, Testing for Weak Password Policy, Testing for Weak Security Question Answer, Testing for Weak Password Change or Reset Functionalities, Testing for Weaker Authentication in Alternative Channel"
Authorization Testing,Evaluating the effectiveness of access control mechanisms,"Testing Directory Traversal File Include, Testing for Bypassing Authorization Schema, Testing for Privilege Escalation, Testing for Insecure Direct Object References"
Session Management Testing,Assessing the security of session handling,"Testing for Session Management Schema, Testing for Cookies Attributes, Testing for Session Fixation, Testing for Exposed Session Variables, Testing for Cross Site Request Forgery, Testing for Logout Functionality, Testing Session Timeout, Testing for Session Puzzling"
Input Validation Testing,Evaluating the application's resilience against malicious input,"Testing for Reflected Cross Site Scripting, Testing for Stored Cross Site Scripting, Testing for HTTP Verb Tampering, Testing for HTTP Parameter Pollution, Testing for SQL Injection, Testing for LDAP Injection, Testing for XML Injection, Testing for SSI Injection, Testing for XPath Injection, Testing for IMAP SMTP Injection, Testing for Code Injection, Testing for Command Injection, Testing for Format String Injection, Testing for Incubated Vulnerability, Testing for HTTP Splitting Smuggling, Testing for HTTP Incoming Requests, Testing for Host Header Injection, Testing for Server-side Template Injection"
Error Handling,Assessing how the application handles and reports errors,"Analysis of Error Codes, Analysis of Stack Traces"
Cryptography Testing,Evaluating the implementation of cryptographic functions,"Testing for Weak Transport Layer Security, Testing for Padding Oracle, Testing for Sensitive Information Sent via Unencrypted Channels, Testing for Weak Encryption"
Business Logic Testing,Assessing the application's business logic for vulnerabilities,"Test Business Logic Data Validation, Test Ability to Forge Requests, Test Integrity Checks, Test for Process Timing, Test Number of Times a Function Can Be Used Limits, Testing for the Circumvention of Work Flows, Test Defenses Against Application Misuse, Test Upload of Unexpected File Types, Test Upload of Malicious Files"
Client-side Testing,Evaluating security on the client-side of the application,"Testing for DOM-Based Cross Site Scripting, Testing for JavaScript Execution, Testing for HTML Injection, Testing for Client-side URL Redirect, Testing for CSS Injection, Testing for Client-side Resource Manipulation, Testing Cross Origin Resource Sharing, Testing for Cross Site Flashing, Testing for Clickjacking, Testing WebSockets, Testing Web Messaging, Testing Browser Storage, Testing for Cross Site Script Inclusion"